census_tract,sprawl_index,median_income,perc_poc,total_pop,poverty_total,low_income_total,income_marg_perc,avg_work_commute_mins,car_perc,mgmt_percent,service_perc,avg_PM_pred,burden_score
000101,36.903714,22.985,72.81998980112188,5883,978,668,27.978922318544956,21.8,96.2534874451973,20.447647951441578,39.56752655538695,9.19335038280394,4.798224856906235
000103,24.527943,22.085,74.95259438027927,5801,1023,895,33.06326495431822,24.1,83.67190494442315,5.499438832772166,43.24728769173213,9.16227618948522,6.4768575542640345
000105,28.821625,25.727,55.70703868103995,3154,396,31,13.53836398224477,28.5,83.67208672086721,13.689700130378096,33.05084745762712,9.25275911500548,5.666393075327171
000106,26.000751,22.473,54.48646229581562,4458,615,340,21.42216240466577,22.1,94.61111111111111,16.917293233082706,31.364124597207304,9.13140412541073,4.919141553118766
000107,25.410707,23.627,67.43654822335026,3940,240,264,12.791878172588833,21.7,82.57616247995723,9.343832020997375,54.96062992125984,9.22242293592552,6.947246311953745
000108,13.148675,24.413,77.90439132851584,3598,771,193,26.79266259032796,25.3,76.34342186534899,8.903694730466384,29.860690490611752,9.14568598083242,6.438948011422774
000109,30.206791,23.095,58.27922077922077,3080,242,232,15.38961038961039,23.9,84.0825350036846,20.502376103190766,31.771894093686353,9.11439690909091,5.165726456424043
000201,29.715267,23.841,86.01823708206688,3948,1246,576,46.1499493414387,26.8,80.85983510011778,11.865373645179691,38.44837421563035,9.27026318784228,6.099158599113982
000203,34.736424,21.738,70.57645225906967,4266,1023,269,30.285982184716364,22.1,78.72797593467985,17.261118450022018,31.836195508586524,9.44041990032859,5.694512555208131
000204,32.499295,28.895,12.979890310786105,1094,27,348,34.27787934186471,12.2,79.60687960687962,22.85012285012285,3.6855036855036856,9.45961529299014,4.2424800863183805
000301,24.892565,16.937,97.12158808933002,2015,849,190,51.563275434243174,26.0,90.9090909090909,16.619318181818183,30.39772727272727,9.352778584885,5.304030552827653
000302,24.402534,14.34,94.93569131832797,4917,1933,1181,63.33129957291032,29.4,83.29621380846325,11.299852289512554,42.17134416543575,9.32150028313253,6.389761124106604
000401,28.914909,11.591,65.44202066590127,1742,868,314,67.85304247990815,29.2,64.39024390243902,20.20408163265306,30.816326530612244,9.40384093647316,6.386347217581976
000402,36.799655,17.102,90.90665953463493,3739,1740,442,58.35784969243113,28.4,75.3584229390681,4.680851063829787,36.93617021276596,9.48458835761227,6.528600630908844
000403,8.364271,14.552,66.6527371500209,2339,739,676,60.49593843522874,26.9,79.4478527607362,8.446455505279035,39.81900452488688,9.52282868346112,7.256145086893628
000510,16.165047,22.098,90.60245310245311,5538,1087,905,35.969664138678226,22.5,93.75,7.520143240823635,34.95971351835273,9.4708344441402,6.08506261632993
000513,39.67378,23.812,67.34308636149126,4238,179,820,23.57243983010854,27.0,87.9677605066206,11.65266106442577,25.82633053221289,9.11784411883899,4.739145345725524
000514,34.048128,20.941,83.08241502405713,6347,1867,910,43.75295415156767,27.6,81.69446883230904,11.51231945624469,36.66100254885302,9.40502740635268,5.977479607189621
000515,22.772516,23.669,82.45979186376537,5247,890,1255,40.88050314465409,30.2,87.4095513748191,7.074109720885467,40.856592877767085,9.15279522070099,6.185538271243563
000516,32.347072,18.98,75.42925824175825,4412,939,727,37.76065276518586,28.2,89.7590361445783,7.039815349105598,36.23773802654357,9.38692789594743,5.772494803021184
000517,27.772687,21.52,85.36442006269593,5104,1026,921,38.146551724137936,25.2,88.55140186915888,12.164009111617311,38.13211845102506,9.22688109857612,5.72535556881635
000518,23.745294,21.076,76.66214382632293,5667,950,1551,44.13269807658373,27.9,86.18857901726427,11.506276150627615,36.98744769874477,9.41358977984666,6.110123001509674
000519,31.446462,21.346,84.3191196698762,5080,1152,465,31.830708661417322,26.3,85.96392333709132,7.7081192189105865,53.597122302158276,9.25709356407448,6.629123551130759
000520,3.02474799999999,22.072,79.7931583134447,1257,232,370,47.89180588703262,26.7,82.82828282828282,1.556420233463035,47.276264591439684,9.4583732924425,7.794156292998721
000521,12.3101,17.399,87.59264342574801,3643,1339,690,55.69585506450727,31.6,75.67567567567568,4.771241830065359,43.92156862745098,9.4835949611172,7.603056613747878
000522,26.975779,15.176,90.16579604814899,4373,1910,496,55.01943745712325,30.1,87.34939759036145,2.2174535050071533,46.065808297567955,9.43534174370208,6.72673481206371
000523,22.793849,25.141,84.3298969072165,2425,709,562,52.41237113402062,23.8,89.49232585596222,9.799291617473434,58.20543093270366,9.46321628970427,7.051089391532624
000524,36.586989,16.517,76.8909318846636,2393,817,409,51.23276222315085,24.9,82.14689265536722,3.50109409190372,32.713347921225385,9.40788766210296,5.986769182714489
000525,26.466733,22.298,92.32954545454545,2816,662,444,39.27556818181818,24.3,86.86695278969957,6.266094420600858,36.22317596566524,9.42709502738226,6.155693235611632
000526,34.778472,22.57,90.38841342988808,3010,247,528,25.74750830564784,28.8,88.4318766066838,9.105824446267432,47.497949138638226,9.3970958713034,6.207349412453178
000527,24.557917,23.782,91.9158878504673,4280,1210,672,43.97196261682243,30.3,86.0879243183083,12.728278915329275,31.98671831765357,9.37031582365827,5.780513872156357
000528,35.884986,21.327,95.49053356282272,2905,597,439,35.66265060240964,29.9,86.23511904761905,11.135693215339233,32.743362831858406,9.33731068893757,5.478463940079687
000600,13.146756,16.535,64.30965147453082,2984,970,673,55.06032171581769,31.8,66.95652173913044,6.68716372021522,45.58032282859339,9.49973324370208,8.01511311888913
000700,7.04257,11.481,61.36260751471254,1184,385,312,58.86824324324324,30.3,26.722338204592898,6.163021868787276,42.74353876739563,9.54475982584885,10.063564271042189
000800,5.17291299999999,13.957,62.150101419878304,2465,1021,371,56.470588235294116,24.9,57.208872458410355,13.80186282811177,41.06689246401355,9.56758639978094,8.322257396838896
000900,2.681299,16.372,33.03471444568869,893,237,150,43.33706606942889,23.7,36.36363636363637,24.947145877378436,44.60887949260042,9.4082892354874,9.008931485622965
001003,23.20892,27.373,48.3545804921435,3373,285,374,19.53750370589979,21.9,90.35250463821892,22.737556561085974,31.561085972850677,9.27380336254107,5.137520274594276
001004,19.326618,23.331,50.60874793326319,6653,765,816,23.76371561701488,19.3,92.48412138320396,21.72904935409076,31.798608810864526,9.36185359090909,5.2822236072806215
001005,53.919535,40.043,32.576687116564415,1630,124,39,10.0,15.9,96.09984399375975,66.84931506849315,11.232876712328768,9.40677197918949,1.4770186049114038
001006,32.953394,32.637,29.08754052802223,4318,601,293,20.704029643353405,18.4,89.98063891577928,40.96668230877522,18.535898639136555,9.42236323603505,3.72239183193469
001100,19.131149,16.792,81.53789004457653,2681,1103,346,54.04699738903395,28.2,35.43191800878478,8.653846153846153,51.51098901098901,9.4790481905805,9.512132618406604
001200,24.230692,21.671,58.507616834495224,3873,596,708,33.66899044668216,27.8,69.54492415402567,22.33584499461787,36.329386437029065,9.48990845290252,6.537296311500121
001300,24.871784,26.063,63.65986042905143,3855,469,376,21.91958495460441,21.0,91.25934445083381,18.467475192943773,32.91069459757442,9.53476090142388,5.494663037943547
001401,8.824088,20.664,52.62089956036523,2957,457,444,30.470071017923573,21.2,85.1575456053068,8.726415094339622,52.04402515723271,9.50556446768894,7.492612292166932
001402,15.808577,24.022,73.21929332585529,3566,563,428,27.790241166573193,20.1,92.3669467787115,14.08083441981747,40.02607561929596,9.51549056133625,6.1924655092044025
001501,31.711685,16.746,66.3293216630197,3656,1040,612,45.18599562363239,30.3,64.83990147783251,9.865732632807939,50.84646818447168,9.47965372617744,7.635767479544694
001502,18.335932,21.382,55.70698466780238,4109,519,471,24.093453394986614,26.4,87.38518064911206,9.042236763831053,38.72694824509221,9.45806764238773,6.43083172857027
001607,36.630231,26.541,38.91639163916392,3636,729,372,30.280528052805277,25.7,84.29394812680115,8.41313269493844,40.01367989056088,9.36199390580504,5.995762156251841
001608,33.38596,18.585,24.048442906574394,1734,321,141,26.643598615916954,22.3,89.11138923654568,13.851761846901582,37.78857837181045,9.51676061171961,5.704630156851022
001609,28.928167,22.665,73.99041752224504,4362,565,571,26.0430994956442,24.2,86.47764449291166,8.436213991769549,43.05555555555556,9.47919206462213,6.376401233260703
001610,14.479644,22.643,48.4695854320031,2581,671,391,41.14684230918249,24.4,92.5609756097561,17.577706323687032,33.11897106109325,9.45462193318729,5.73285459899861
001611,7.036473,28.133,75.56022408963585,4247,443,281,17.047327525311985,28.3,91.7921321029626,16.90340909090909,34.659090909090914,9.32459058105148,5.985383971272242
001612,29.179257,19.267,61.27124907612712,6765,1862,1361,47.642276422764226,29.5,82.58594917787742,12.351029252437703,37.016973636691944,9.46911270865279,6.134421920542271
001613,33.28183,23.834,56.342321219226264,4265,1279,243,35.68581477139507,22.2,87.62322015334063,11.653116531165312,32.79132791327913,9.42350912048193,5.5465836134920385
001706,38.246657,30.701,28.286189683860236,3005,177,245,14.043261231281198,18.4,88.39344262295083,38.85274985215849,23.29982259018332,9.49998948028477,3.996164189610917
001707,44.497433,27.976,29.379760609357998,1784,234,9,13.621076233183857,20.7,93.73737373737374,35.90243902439024,18.536585365853657,9.52501876396495,3.45898107591435
001708,26.164055,30.612,51.58891142663962,2958,451,182,21.399594320486813,23.7,93.14641744548287,42.83513097072419,15.331278890600924,9.49045493263965,3.6388778505685284
001709,29.651504,22.201,55.00279485746227,1789,210,129,18.949133594186694,22.2,100.0,28.641251221896386,21.21212121212121,9.45677538937569,3.9526904119285184
001710,36.248741,24.299,59.54216304601728,4271,544,364,21.259658159681575,30.0,82.52650991240202,9.798657718120806,37.58389261744966,9.43432598521358,6.002158163953229
001711,42.825209,21.63,49.18767507002801,3570,434,498,26.106442577030815,24.6,77.61755485893417,29.224293445580273,27.781118460613353,9.51791303669222,4.946180708648519
001712,39.105916,25.643,47.38247863247863,3732,479,226,18.890675241157556,20.3,85.30405405405406,24.647122692725297,28.718783930510316,9.49007938663746,4.87406735403591
001713,32.511452,25.988,38.657844990548206,3095,616,283,29.046849757673666,21.6,95.47677261613691,29.80251346499102,26.570915619389584,9.43824173548741,4.263608985394772
001714,37.276353,25.654,56.2958435207824,3254,337,84,12.937922556853104,21.1,99.35022742040286,20.8955223880597,36.069651741293534,9.41370295290252,4.661922367567743
001715,37.480679,22.639,72.89320388349515,2496,136,203,13.581730769230768,32.8,88.84673748103187,11.405445180279617,32.74466519499632,9.3770977634173,5.332937889654422
001716,32.223184,26.39,71.75052410901468,1894,66,290,18.796198521647305,26.9,83.08227114716107,7.709750566893423,39.229024943310655,9.30369733789704,6.130946383686872
001717,34.455759,25.688,28.73319179051663,1402,32,22,3.851640513552068,16.6,100.0,40.03044140030441,25.266362252663622,9.46258976834611,3.570329012949824
001718,35.269236,20.878,77.09476765459202,2733,784,298,39.590193926088546,26.6,80.04885993485343,8.048595292331056,40.77448747152619,9.20463543647316,6.147952253210886
001801,25.180258,23.388,51.35731252120801,5894,1177,776,33.1353919239905,19.2,88.58162355040142,21.15133013519407,31.399912778020063,9.54917360460022,5.457677708101055
001803,24.662304,22.15,56.60497766432674,3134,463,293,24.122527121888957,24.2,84.38485804416403,5.646890636168692,53.89563974267334,9.5961603702081,7.312839050848662
001804,33.391227,25.858,59.53739861820366,3329,344,188,15.980775007509763,23.1,83.23272971160294,12.345679012345679,45.289148797920724,9.52322477656079,6.389452952879346
001901,32.065233,22.61,80.90241343126966,5671,1410,598,35.40821724563569,24.0,80.91236494597838,11.050370948848107,41.780554470909806,9.61467698083242,6.5138146545997095
001902,30.994722,25.196,69.8368179500255,3922,913,199,28.35288118306986,19.9,90.89026915113871,14.006514657980457,44.34620753838995,9.62714661336254,6.0854605314041645
002000,48.131095,29.573,49.38675388389207,3669,596,452,28.56364131916053,20.0,85.41545613015688,31.667543398211468,24.82903734876381,9.46218778477547,4.125951913960314
002201,27.514638,16.805,54.721088435374156,3675,1131,291,38.69387755102041,20.4,85.92010478061559,10.273081924577374,34.33029908972692,9.44541065553122,5.948007643160501
002203,25.033456,24.003,78.26514555468135,5069,1063,1089,42.45413296508187,22.1,81.84588593818025,5.369415807560137,48.45360824742268,9.3585298094195,6.9663782484552135
002204,35.061932,19.948,83.4426946631671,4547,1194,691,41.455904992302614,26.6,76.4021164021164,9.867075664621677,37.83231083844581,9.38643000054764,6.2941675265304955
002206,27.240311,22.905,68.81894000538068,3717,891,378,34.14043583535109,18.2,93.00492610837439,11.551474142097632,33.01111648139198,9.35469758817087,5.425615297881728
002207,30.709333,19.884,88.67759562841529,4575,1458,992,53.551912568306015,25.7,73.83798140770253,5.555555555555555,45.14435695538058,9.32164432584885,6.98425417325298
002302,37.860806,25.197,44.26751592356688,628,156,36,30.573248407643312,15.0,82.6086956521739,40.225563909774436,23.684210526315788,9.50632822015334,4.254701291697701
002303,72.467729,66.042,3.4482758620689653,348,0,0,0.0,41.6,88.88888888888889,62.06896551724138,0.0,9.50059442606791,1.0157250584155655
002403,46.145751,22.085,66.5905457867093,4379,917,926,42.08723452843115,19.5,65.46906187624751,16.065416065416066,39.97113997113997,9.42342054435925,6.3657197054042065
002404,33.514568,21.009,75.40308747855917,5830,1731,712,41.90394511149228,25.0,63.49705304518663,9.460516028146989,47.928068803752936,9.50795640580504,7.544465367531499
002405,34.145208,21.799,60.441929399083804,3711,630,936,42.19886822958771,22.6,59.739583333333336,7.857857857857859,54.85485485485485,9.4405473822563,8.014403467851638
002406,36.90321,24.719,36.454018227009115,2382,337,284,26.070528967254408,23.5,62.68199233716475,24.49127906976744,29.651162790697676,9.51633279353779,6.102853616991418
002501,43.65081,21.68,67.91695743196092,5732,1270,444,29.902302861130497,25.2,76.57440834336141,12.33140655105973,39.46050096339114,9.57711543592552,6.171457516753133
002504,24.92987,21.398,44.44114149821641,3083,588,358,30.68439831333117,20.5,86.36363636363636,19.484412470023983,46.043165467625904,9.46955921467689,6.228905905844506
002505,32.516828,23.614,63.372417643774426,1791,359,170,29.536571747627022,20.4,87.23776223776224,23.19327731092437,42.60504201680672,9.54747472617744,5.727048632989486
002506,33.14731,21.361,76.30633121371302,3594,851,487,37.228714524207014,22.2,66.72113289760348,11.462655601659751,40.71576763485477,9.44285761226725,6.937619914121065
002603,35.673927,18.429,60.4380746349378,2909,868,292,39.87624613269165,21.2,60.095389507154216,13.805584281282316,52.22337125129266,9.46736271193866,7.635598742088817
002604,46.713092,25.21,46.17768595041322,1936,405,248,33.7293388429752,18.5,55.22552255225522,18.089430894308943,46.34146341463415,9.39780029572837,7.030667268232522
002605,37.591149,27.188,32.997762863534675,894,278,103,42.61744966442953,18.6,55.93525179856115,9.892086330935252,41.906474820143885,9.43941802738226,7.418208874881982
002706,31.632938,22.413,71.628532974428,3715,450,739,32.00538358008075,22.9,76.29213483146067,11.0506260206859,48.88405008165487,9.45456420591457,6.925589321290195
002707,28.407498,24.56,49.00420757363254,3565,432,241,18.877980364656384,22.4,94.06991260923844,20.011634671320536,30.19197207678883,9.34602558214677,4.898665434952019
002708,27.396696,25.01,72.07245155855097,2374,422,237,27.75905644481887,22.5,77.72108843537416,11.736334405144696,27.974276527331188,9.38089020427163,5.945416008174821
002808,46.911304,38.948,27.476882430647294,2271,200,34,10.303830911492733,17.8,92.36043095004896,28.558951965065503,19.213973799126638,9.29232305859803,3.531953610200422
002810,30.540639,25.806,42.81057587830496,2752,810,303,40.44331395348838,21.1,88.43537414965986,18.168604651162788,29.651162790697676,8.922528567908,4.757259772291819
002811,29.750441,31.522,44.05274488697524,3716,161,311,12.701829924650163,19.4,94.89946051986267,33.47578347578348,33.47578347578348,8.99899574205915,4.157416645478104
002814,31.006145,35.328,44.5998445998446,5148,317,294,11.868686868686869,18.9,96.0423197492163,35.59192995812714,22.535211267605636,8.77515763253012,3.283516749817486
002821,33.9964,27.605,37.468671679197996,3980,490,463,23.944723618090453,17.6,95.01478664976763,26.296296296296294,22.469135802469136,9.33575004764513,4.081685262942243
002822,39.120734,27.274,60.67125645438899,3444,525,542,30.981416957026713,20.5,94.3042537851478,8.362863217576187,37.4202693125443,9.35717385542169,5.31090335558243
002823,34.464181,26.356,48.243114909781575,3159,355,323,21.462488129154796,19.7,91.13170086035738,20.50473186119874,33.24921135646688,9.47080565334064,5.080129072593447
002824,36.554944,36.458,18.29121540312876,1662,160,0,9.626955475330927,26.7,90.0,39.76331360946745,22.485207100591715,9.45375257776561,3.8700950692239675
002825,25.708643,27.023,44.6843853820598,3612,330,370,19.379844961240313,18.4,92.95774647887323,26.127239036442244,26.683137739345277,9.41478715991238,4.712350203903446
002826,41.85325,33.1,45.9625322997416,3096,132,60,6.2015503875969,22.3,94.58917835671342,29.07573812580231,27.278562259306803,9.38551973493976,4.023335971128187
002827,30.235438,28.27,38.42045020984357,2474,147,200,14.02586903799515,21.0,96.9172932330827,23.066104078762308,24.964838255977497,9.28343433351588,4.296803784977165
002828,47.680311,40.237,27.17651075452373,2929,223,93,10.788665073403893,18.7,99.00373599003736,40.55299539170507,21.313364055299537,8.93509635268346,2.5251928710134948
002829,33.285425,34.306,27.740705433746427,4196,142,222,8.674928503336512,17.2,100.0,29.558626839054835,24.386981720909496,8.97695057667032,3.507409978012044
002830,29.197112,37.083,31.569259088817304,4346,183,186,8.49056603773585,18.7,95.14476614699332,32.73710482529118,11.10648918469218,8.99726020591457,3.1682243277729523
002831,37.16147,25.268,56.443376389306096,3305,357,357,21.603630862329805,25.0,88.95311496467566,14.588377723970943,30.99273607748184,8.76049854545455,4.572560323556936
002832,34.161813,31.613,45.73682443773078,5958,473,365,14.065122524337026,22.7,96.0161662817552,28.66741321388578,33.67861142217245,8.75594832092004,3.932091718314526
002833,30.807241,33.684,36.36363636363637,5554,420,89,9.16456607850198,20.5,97.58403361344537,32.31017770597738,24.361873990306947,8.90349253012048,3.537120918551391
002834,29.340878,32.094,41.34755210857974,6189,669,482,18.59751171433188,21.5,94.83309143686502,30.100516164085846,24.748709589785385,8.78242890142388,3.704259895173078
002835,39.682934,36.4,46.78384442782348,2654,187,141,12.358703843255464,21.7,96.46687697160883,41.46341463414634,24.09280190362879,8.6674676347207,2.7525556260620965
002836,30.031991,34.914,60.1201771030993,3162,154,193,10.974067046173309,20.0,97.48390871854886,30.921424533634823,23.346523459581682,8.73765740087623,3.41927527062267
002837,46.591756,27.464,36.22156893083707,6463,585,308,13.81711279591521,19.5,96.37322782723376,35.811023622047244,26.204724409448822,9.09381803833516,3.2261250017257073
002838,38.514533,33.286,43.333333333333336,5838,325,267,10.140459061322371,18.5,89.3667861409797,22.26662860405367,28.775335426777048,9.12436878696605,4.452742719432061
002841,60.375313,47.361,29.513140887548474,2321,109,33,6.1180525635501946,21.2,94.69469469469469,36.65814151747656,19.01108269394714,8.47903747261774,1.9567580910638989
002842,47.62446,30.157,57.68429031646769,5264,356,550,17.211246200607903,26.8,95.97855227882037,34.74320241691843,27.90785498489426,8.2525723373494,2.5729610451932086
002843,47.218561,36.167,65.39910313901345,5575,483,247,13.094170403587443,21.3,98.74476987447699,35.40100250626567,24.185463659147867,8.50665698138007,2.484121010528857
002844,22.389111,37.379,46.52014652014652,5460,153,117,4.945054945054945,18.8,96.95064445143036,30.467800729040096,34.44714459295261,8.61903286418401,4.098765245252062
002845,26.155788,31.888,49.48089242323835,4527,376,526,19.924895074000442,28.9,90.52496798975672,33.4608843537415,31.292517006802722,8.65017671522454,4.075491081572235
002846,34.68651,33.386,48.88059701492538,5861,383,382,13.052380139907866,24.4,95.1424287856072,22.147058823529413,29.058823529411764,8.69588981599124,3.9315358228389625
002847,43.054802,30.587,44.397905759162306,3773,411,462,23.138086403392528,18.2,93.64716636197441,16.49260226283725,28.807658833768496,9.24945807338445,4.429528100526514
002848,33.939269,33.209,38.353674370293426,3851,508,175,17.735653077122826,18.7,96.61389621811786,29.11169744942832,30.255057167985928,9.16276832256298,4.103333568132268
002905,38.081696,23.46,56.22260339241472,5001,932,796,34.553089382123574,20.7,93.36263736263736,35.98290598290598,21.965811965811966,9.08093568346112,3.4287991584490434
002915,33.896501,31.357,43.827655310621246,4978,602,98,14.061872237846526,19.2,92.04040404040404,31.533879374534624,24.348473566641847,8.81724223384447,3.652993527804248
002916,39.903386,40.219,34.73142016188373,2664,221,103,12.162162162162163,22.1,96.72523961661342,46.696600384862094,24.56703014753047,8.95166708707557,2.8232484769544213
002919,41.142184,26.704,50.07835236176405,4467,477,305,17.506156256995748,22.6,91.80253623188406,17.04446381865737,38.88404533565824,8.98759467634173,4.784448431849739
002935,25.127585,30.36,51.68236877523553,1486,52,350,27.052489905787347,17.1,100.0,11.76470588235294,30.372148859543817,9.24822177929901,4.931042900278118
002936,23.972948,29.453,53.233467299963465,2737,186,181,13.4088417975886,17.9,98.72813990461049,25.87463556851312,31.049562682215743,9.09417967907996,4.406811137414407
002937,19.194446,27.305,59.832134292565954,5004,494,142,12.709832134292565,19.8,88.17628090290218,26.11837577426015,33.58568479008947,9.32623103614458,5.382686012574505
002938,28.828495,36.783,46.96782178217821,1616,310,83,24.31930693069307,21.2,93.08996088657105,42.34567901234568,18.765432098765434,9.17842473767798,3.4453324990947407
002939,35.69283,47.273,14.997000599880023,1667,71,0,4.259148170365927,14.4,90.01468428781205,41.55653450807636,13.950073421439061,8.94698895016429,2.967169282627531
002940,27.507545,30.753,52.47673371359952,3331,366,224,17.712398679075353,25.1,90.33197437390797,23.277265328269124,37.927292457948994,8.86980910898138,4.91009753488189
002941,37.471042,29.326,40.90706980880391,4498,227,498,16.11827478879502,21.8,94.85294117647058,21.02391942929081,30.214015946286192,8.92475853340635,4.156100321788868
002942,36.979236,30.777,34.28635246817065,4469,328,465,17.744461848288207,19.8,91.78445229681978,28.111401218450826,26.631853785900784,9.03515464403067,3.9954561513419162
002944,40.268162,30.182,43.8169707500724,3434,80,327,11.852067559697147,24.3,94.65308720560152,26.801667659321026,33.8892197736748,8.67548679518072,3.811192968409523
002946,24.534597,26.279,54.50041288191577,2422,318,470,32.535094962840624,20.4,94.3609022556391,22.60397830018083,25.678119349005424,9.30720129627601,4.669105888541369
002947,35.71065,35.755,16.284074605451938,2788,131,78,7.4964131994261125,18.9,92.97124600638978,47.09772226304188,20.573108008817044,9.0769652694414,3.0486821273951903
002948,30.486636,26.082,59.301659988551805,3494,213,378,16.914710933028047,23.4,94.62424574876577,12.697603263641,50.28046914839368,9.0986811177437,5.764466337663453
002949,23.959546,25.166,32.46460746460747,3108,260,257,16.634491634491635,24.2,88.35666912306559,17.087238644556596,34.17447728911319,9.02816588170865,5.313577637597447
002950,16.791557,30.56,49.42981546755132,4754,343,349,14.556163230963397,22.3,92.33063485300383,21.59090909090909,41.59902597402597,8.75865062924425,5.27636421173887
002951,37.77511,30.451,51.004122888682005,7473,887,196,14.492171818546767,22.3,93.07015052541891,26.551904016692752,25.586854460093893,8.81235927108434,3.7183683710915325
002952,49.861982,35.674,39.911218724778045,2478,121,108,9.24132364810331,19.2,95.85253456221197,25.488776249094858,28.38522809558291,8.76208618072289,3.321032266635199
002953,40.898232,32.116,46.026339691189825,4327,279,93,8.597180494568986,18.6,97.07503179313268,22.708674304418984,25.450081833060555,8.86324399123768,3.6035752661138405
002954,31.191799,19.607,62.50303177298085,4123,1035,576,39.07349017705554,22.8,86.56716417910447,15.640599001663894,42.26289517470882,9.31810691182914,5.854475424472625
002956,48.405294,26.206,64.28943258719417,1921,329,218,28.474752732951586,18.0,83.33333333333334,11.419984973703983,39.81968444778362,9.30311589649507,5.489824969482763
002957,43.638718,47.606,11.384466956102267,2073,57,98,7.477086348287506,23.0,94.47779111644657,56.06820461384152,15.546639919759278,8.68454094578313,1.819449986376084
002958,32.212573,30.715,51.38311336105586,5520,571,554,20.380434782608695,22.0,87.29040912139504,31.541450777202073,21.89119170984456,9.02135327875137,4.010170930418136
002961,54.095106,22.445,26.071213035606515,1657,137,108,14.785757392878695,17.4,91.10546378653113,26.070528967254408,21.91435768261965,8.94244842552026,3.2607794083832955
002962,51.024546,23.915,32.107623318385656,925,45,41,9.297297297297296,20.1,74.23312883435584,26.285714285714285,19.61904761904762,9.19492356243154,4.285960852472145
002964,19.151682,24.546,52.224426183054696,3529,606,619,34.712383111362996,18.3,85.19579751671442,15.593376264949402,33.164673413063475,9.17972712048193,5.755579816293254
002965,18.683939,21.937,49.43793911007025,4176,617,438,25.263409961685824,17.7,91.4598961338719,18.736383442265794,44.82570806100218,9.17870473932092,5.88567341373392
002966,38.123126,27.37,70.03222341568205,5586,957,733,30.254206945936268,25.7,85.88548601864181,18.675099866844207,34.953395472703065,9.24037068619934,5.157999425317882
002967,14.491089,27.97,61.46718146718146,3885,667,353,26.254826254826252,20.3,91.70344218887908,14.244064972927948,45.68929612661391,9.11909038773275,6.15782413072521
002968,17.164946,28.505,67.41617357001972,2535,297,102,15.7396449704142,18.6,99.1042345276873,32.73001508295626,28.95927601809955,9.08055959638554,4.247124360128377
002969,40.855824,27.067,40.87694483734088,1414,192,12,14.427157001414429,20.0,98.13084112149532,25.143513203214695,28.35820895522388,9.14547649178532,3.856472028628183
002970,40.063998,32.344,57.11331679073615,2404,212,233,18.510815307820298,20.1,92.23443223443223,18.207282913165265,43.13725490196079,9.18171393866374,5.122724481709553
002974,53.956705,37.847,35.815602836879435,3948,201,341,13.728470111448834,21.6,100.0,25.428571428571427,32.6530612244898,8.63377745235487,3.076233876269467
002975,45.103523,37.719,41.81298489179257,4898,219,76,6.022866476112699,19.2,97.0528455284553,32.39616613418531,28.146964856230035,8.82587755366922,3.2093153004745822
002976,47.497952,34.334,55.14204545454545,3520,111,181,8.295454545454547,20.3,100.0,24.863883847549907,37.97640653357532,8.51310425465498,3.431661940047113
002977,42.51641,42.536,42.00446856048516,3133,186,48,7.468879668049793,22.4,98.36683417085426,38.40947546531303,15.905245346869712,8.38347997152245,2.0529709202985895
002978,56.26272,37.557,40.24455077086656,1881,108,140,13.18447634237108,22.5,100.0,38.06193806193806,27.072927072927072,8.25102323877327,1.942829943400863
002979,47.953701,32.182,46.7425431711146,2548,206,163,14.481946624803768,19.7,92.93349168646081,32.261703327693176,20.812182741116754,8.95584344961665,3.1061869000916107
002980,15.886466,38.644,55.65518646831058,4907,355,416,15.712247809252089,21.4,95.77312138728324,34.385964912280706,33.96491228070175,8.74345269386638,4.311733662554601
002981,30.413988,35.693,51.69370908055792,3513,239,143,10.873896954170224,18.2,98.740025199496,28.1076801266825,31.314330958036425,8.8036559720701,3.8703780889949453
002982,37.199327,34.131,54.275039517172004,6959,490,346,12.01322029027159,19.8,98.88069888069889,31.951871657754012,29.97326203208556,8.67729032803943,3.335887101281699
002983,46.53298,34.044,37.84295175023652,2114,173,66,11.30558183538316,20.4,96.7304625199362,30.12772351615327,35.161532682193844,8.70132164676889,3.47009628565616
002984,49.429187,40.014,56.583389601620524,2951,197,246,15.011860386309724,19.2,100.0,39.015817223198596,25.073227885178678,8.5585225837897,2.307928822405832
002985,52.778944,32.374,48.01772962324551,4002,302,293,14.867566216891554,19.8,93.058568329718,30.409068506653526,31.29620502710695,8.94847437185104,3.486708239981091
002995,43.712309,24.08,70.54093567251462,2729,423,337,27.849028948332723,21.3,69.46564885496184,13.374717832957112,43.73589164785553,9.29761592278204,6.40820803402144
002996,41.072876,20.997,75.54898648648648,4678,805,582,29.649422830269344,21.1,77.72801302931596,3.3504138746551044,49.073709105242415,9.30298087951807,6.708207666464364
003001,36.788685,27.261,55.41195476575121,3707,446,648,29.51173455624494,22.1,96.7896174863388,22.06172028890348,24.622455679579776,9.07061609967141,3.9252136914824254
003003,20.45356,29.715,42.85453549917868,5464,365,224,10.779648609077599,22.6,92.20824598183088,28.947368421052634,30.166880616174584,8.83369856243154,4.446807694898178
003004,16.406484,21.858,46.08739837398374,1968,273,221,25.101626016260166,25.8,92.35737351991389,24.872579001019368,18.246687054026502,8.85504963362541,4.195457984987875
003005,26.208695,32.833,32.55490686683347,3589,317,136,12.62190025076623,22.3,98.94911504424779,22.353573347662547,23.965609887157445,8.87659422946331,3.9385130454275417
003006,30.236217,28.925,51.83870967741936,3079,158,114,8.834037025008119,23.0,96.88385269121812,16.877637130801688,24.824191279887483,8.96229779682366,4.227595204298425
003102,37.459931,26.21,69.03420523138834,4903,820,714,31.286967162961453,25.0,93.83438343834383,14.637362637362639,28.307692307692307,8.97724487458927,4.402224327729461
003103,32.102721,25.337,54.15631041148854,3370,670,294,28.6053412462908,33.2,87.40259740259741,18.766233766233768,33.246753246753244,8.99268875191676,4.977734925575652
003104,22.677683,30.195,56.49423989157442,4427,561,150,16.06053761011972,24.0,88.27800829875518,16.45,23.849999999999998,8.91794714403067,4.810028185681327
003204,44.709488,33.468,24.81475382842088,6073,360,790,18.936275316976783,27.2,95.30956848030019,37.13490959666203,22.8442280945758,8.24350028477546,2.3713330426258987
003208,47.05445,45.375,24.59404600811908,2956,134,174,10.419485791610285,23.1,98.4744469870328,39.97165131112686,12.473423104181432,8.30146321412924,1.6178741339782965
003210,44.428415,28.862,7.984523390784383,2843,186,67,8.899050298979951,21.3,97.12643678160919,47.43935309973046,14.555256064690028,7.93754612486309,1.2554600240408118
003211,33.375491,24.368,8.273381294964029,3058,123,186,10.10464355788097,22.3,100.0,45.45454545454545,3.896103896103896,8.27241895180723,1.3581782881482032
003213,37.643053,26.618,13.214990138067062,2028,101,132,11.489151873767259,29.0,94.29429429429429,26.575342465753426,33.15068493150685,8.11638973932092,3.3830708807333107
003214,31.482786,23.1,8.553016988869361,1707,24,195,12.82952548330404,24.1,96.3855421686747,35.95505617977528,16.573033707865168,8.34870968619934,2.5857078546452152
003215,29.97791,40.075,33.35548172757475,4416,158,95,5.729166666666666,23.1,98.16787388155092,38.37535014005603,24.409763905562226,8.65034196823658,3.089798023706532
003218,33.770159,52.703,26.444958207362617,5623,242,159,7.1314245064911965,20.7,96.59405940594058,55.373406193078324,10.965391621129326,8.39875722124863,1.583093332509831
003219,24.060595,36.477,27.1740791685771,6510,574,203,11.935483870967742,23.7,96.20034542314335,33.9076723016905,21.39141742522757,8.65773583570646,3.402939235436096
003220,29.590462,30.518,46.81647940074906,6126,394,465,14.022200457068234,21.5,97.68352365415987,22.267845862286798,19.740998104864182,8.69127489156626,3.533778118587863
003222,27.158276,41.517,30.24853505758739,4949,259,131,7.880379874722167,22.7,99.30928626247122,49.54716981132076,18.30188679245283,8.11329095235487,1.950580018543066
003223,48.226561,71.638,31.629876020562442,3307,260,115,11.339582703356516,21.4,98.2367758186398,54.294117647058826,14.117647058823529,8.38728882749179,1.2221689607752877
003226,38.593348,53.409,31.344696969696972,2112,102,27,6.107954545454546,23.3,96.06299212598425,48.395490026019075,4.856895056374675,8.39688728368018,1.433433284056819
003227,23.985476,48.81,23.037077426390404,3668,201,117,8.66957470010905,19.2,97.53148614609572,54.274548119198826,16.02344894968246,8.1740086796276,1.9109381046659486
003228,18.158054,43.577,31.39650872817955,4010,384,227,15.236907730673316,27.6,98.56115107913669,37.60348583877995,17.037037037037038,7.66544115005476,2.2456687982358186
003229,57.287309,39.53,35.3021978021978,2890,29,265,10.173010380622838,30.4,98.61644888547272,48.3206106870229,18.62595419847328,7.2944675449069,0.35858457618534256
003230,41.627668,38.917,38.30655445039531,3861,94,206,7.770007770007769,28.3,94.98829039812647,38.18181818181819,27.03962703962704,7.49201251642935,1.9551749192741115
003231,58.980697,39.286,35.79217447081462,1559,18,47,4.169339320076972,27.2,100.0,34.81481481481482,24.814814814814813,7.6505246237678,1.33217162074398
003232,51.81925,43.144,20.0314527226263,4993,345,61,8.131383937512519,24.5,97.82608695652173,34.45678033306899,22.04599524187153,7.87751145564074,1.7519423301893107
003233,44.933101,36.014,46.5210608424337,3205,76,6,2.5585023400936038,26.8,97.40259740259741,31.081854607899256,19.805380652547225,7.70975659090909,1.8601584594745701
003234,7.13368199999999,35.518,35.57729941291585,2555,424,23,17.495107632093934,24.4,97.32704402515722,26.276276276276278,30.705705705705704,7.74476001752464,3.75545415857847
003235,34.399319,41.438,48.53603603603604,1776,146,57,11.43018018018018,25.9,93.91056137012369,38.30888697152718,17.42881794650561,7.81640517250821,2.084009780061601
003236,33.103277,35.929,23.971962616822427,2140,19,139,7.383177570093458,23.1,92.21347331583553,45.54294975688817,20.502431118314423,8.06064547754655,2.3016931526823505
003237,47.002997,42.899,28.074670571010245,2732,152,0,5.563689604685212,28.4,99.29123711340206,32.738461538461536,22.03076923076923,7.8221286686747,1.8496452427887347
003238,34.506189,38.092,42.8296067848882,5128,698,148,16.497659906396255,28.6,98.09087437953417,39.25501432664756,20.093123209169054,7.88605486089814,2.033911633240549
003239,23.921397,41.019,26.075877689694227,3532,35,457,13.929784824462061,27.5,100.0,44.941535332994405,22.216573462125062,7.94140225465498,2.2149042129614127
003240,47.814691,36.413,37.56805807622505,3857,38,447,12.574539797770287,26.4,93.43817787418655,36.28364389233955,20.18633540372671,7.97771368346112,2.0304350407513905
003241,32.523228,36.412,31.221257026060297,3914,135,61,5.007664793050588,24.4,99.44360141628731,25.31645569620253,25.657254138266794,8.10266111007667,2.9841632718982067
003242,54.115679,65.045,35.61151079136691,1668,36,0,2.158273381294964,25.3,100.0,44.40104166666667,20.052083333333336,8.19583945783133,1.4130934092466472
003243,34.567182,39.947,24.55418381344307,4374,260,58,7.270233196159122,29.7,93.50145489815714,39.89661654135339,14.896616541353383,8.31757053504929,2.3852011827406057
003244,29.373073,36.318,33.33333333333333,3129,79,75,4.921700223713646,27.3,100.0,28.125,33.0078125,8.3648073263965,3.5312774918354224
003245,26.253762,35.895,42.22958057395144,4530,367,76,9.77924944812362,24.5,99.59677419354838,27.475247524752476,22.813531353135314,8.37442001423877,3.213400309431513
003246,23.720762,36.329,34.52222517966463,3757,375,57,11.498536066010114,27.4,97.60416666666667,35.10338345864661,18.703007518796994,8.48622089211391,3.028890354539508
003247,26.150072,41.686,21.452658884565498,3855,149,93,6.277561608300908,21.0,95.45697487974346,42.67262791852956,18.97665176353701,8.63047626013143,2.9157994839567634
003248,34.194569,36.194,28.783690393918455,2894,171,111,9.744298548721494,21.8,94.16466826538769,42.50182882223848,29.04169714703731,8.51969868400876,3.089321963937934
003249,28.941651,30.154,29.897810218978105,3425,113,165,8.116788321167883,22.5,100.0,50.67427385892116,19.968879668049794,7.90802865553122,1.7094456312166129
003250,42.590971,35.026,35.61517113783534,5375,244,153,7.386046511627907,25.5,94.38371654730494,43.11726147123088,18.827385287691186,8.02815687020811,1.8839976546925068
003251,30.503633,51.574,24.108527131782946,2580,0,31,1.2015503875968991,18.8,99.09706546275395,53.77558221594919,14.396612561750178,8.12744645837897,1.531768479552316
003252,22.897469,35.855,28.23053589484328,4945,254,237,9.92922143579373,19.1,93.35649153278332,45.74898785425101,20.0,8.27461375027382,2.7279041612807697
003253,35.326098,31.662,51.26436781609195,3480,208,55,7.557471264367815,19.9,94.17758369723435,26.67946257197697,22.888675623800385,8.64398389868565,3.459013872713118
003254,23.805563,32.662,37.59977194982896,3508,61,260,9.150513112884836,20.1,99.0,30.268199233716476,25.12315270935961,8.7548225449069,3.663313315626071
003260,14.659776,27.173,35.936582501467996,3387,410,243,19.27959846471804,19.5,92.34501347708894,28.702290076335878,24.274809160305345,8.77219044742607,4.303669264508499
003261,30.621164,27.158,46.73796791443851,2805,230,395,22.281639928698752,23.2,94.05405405405406,24.10979228486647,29.3026706231454,8.5995469611172,3.9624874385726687
003262,42.257849,27.384,8.669497523000707,2826,120,217,11.924982307147912,27.1,94.07744874715262,36.3302752293578,15.229357798165138,7.91752688773275,1.8934688337211836
003303,31.88132,34.625,44.775018441111385,4006,373,351,18.072890664003992,27.9,98.06181246726034,30.82706766917293,21.854636591478695,8.21983963691128,2.807472409951904
003305,33.190042,37.458,30.788804071246815,4716,362,109,9.987277353689567,26.5,97.23825226710635,35.67002323780015,20.75910147172734,8.4083931456736,2.749285536989502
003306,37.471314,33.731,20.306793279766254,4063,147,204,8.638936746246616,31.3,94.46733372572102,38.032061912658925,16.25207296849088,8.50773571577218,2.5517702522447276
003307,41.968653,37.866,50.25822635384388,6770,201,504,10.413589364844904,27.2,94.94207403221249,25.461559658308076,34.88564342794158,8.38273340963855,3.5752695957962306
003308,44.989941,29.928,51.856763925729446,2262,64,45,4.818744473916888,28.7,98.61495844875347,38.87931034482759,26.29310344827586,8.28719119824754,2.3393630172864395
003309,50.996601,47.025,18.041836141778038,3442,122,33,4.503195816385822,29.4,99.14392723381488,47.16981132075472,19.234800838574422,8.18222073384447,1.4068991342426318
003310,64.027267,55.324,25.031164298180002,3962,145,0,3.6597677940434123,24.9,99.24585218702866,42.62452107279693,19.68390804597701,7.96626744249726,0.9755884088476594
003311,38.573876,30.399,34.5930964978584,3864,210,218,11.076604554865424,30.6,97.8247358607831,33.415233415233416,16.216216216216218,8.03633562102957,2.093238531205705
003312,47.053937,52.314,49.550502379693285,3782,44,9,1.4013749338974086,27.8,100.0,44.08725602755453,14.638346727898966,7.80672320700986,1.0496261912678908
003313,43.927841,41.122,43.63636363636363,3398,154,27,5.3266627427898765,30.4,94.4405348346235,23.12456985547144,17.894012388162423,7.82792836582694,2.347795515427472
003314,60.070385,44.459,37.927548441449034,5926,312,332,10.867364157948026,29.0,98.80586830433299,37.25231175693527,16.842800528401586,7.5841036297919,0.8448360086523405
003315,38.041447,43.727,40.74684239428885,3634,428,0,11.777655476059438,28.1,99.02498476538696,33.06217315514236,20.278907611853572,7.62499083899233,1.8736492099129594
003316,56.488651,53.178,37.94199443782281,5024,132,566,13.89331210191083,31.0,99.44289693593315,39.841339797267516,14.059056853239312,7.35135749288061,0.4969680302348416
003317,28.693487,41.373,32.45682888540031,2548,223,24,9.693877551020408,28.5,98.24561403508771,34.21985815602837,20.30141843971631,7.67272393866375,2.2083269089738966
003318,32.449215,37.708,24.31111979675591,5062,114,103,4.286843145001976,26.6,94.18647166361974,34.56040028591851,26.73338098641887,7.74380842278204,2.627465905015128
003319,23.769663,37.719,41.04525175270874,6255,123,293,6.650679456434852,27.5,96.37124912770412,36.71611598111935,22.285906945380983,7.78134068455641,2.5504217404966485
003320,44.001958,32.659,17.9445727482679,4330,89,216,7.043879907621248,24.9,98.43953185955787,32.890499194847024,27.334943639291463,7.91948723439211,2.3055262320608882
003321,52.22703,52.165,24.8319641523525,2678,31,91,4.5556385362210605,28.5,99.17733089579525,57.62021189894051,4.4824775876120615,7.83785565334064,0.0
003408,28.497338,33.902,38.095238095238095,4904,470,227,14.212887438825447,23.1,97.54131398629585,40.85106382978723,17.988394584139265,8.39456997097481,2.5512982470584484
003409,24.44371,29.845,49.09886714727085,3884,820,209,26.49330587023687,23.9,95.3248031496063,28.938439166262725,23.315559864275325,8.54172143099671,3.5960590904742338
003410,29.281027,40.779,22.253164556962023,3950,371,119,12.40506329113924,26.2,94.17211328976035,38.642164369576314,13.935681470137826,8.58257831599124,2.7582328359554094
003411,32.505994,30.713,35.718247365501945,3531,313,386,19.79609175870858,23.5,92.17345319936541,29.96031746031746,21.875,8.5673461796276,3.4129343097744975
003412,29.194834,30.889,42.125237191650854,4216,126,205,7.851043643263757,30.2,88.81340579710145,30.388841927303467,19.44209636517329,8.64415502573932,3.629526594037178
003413,33.198971,26.657,55.1705565529623,5570,602,796,25.098743267504485,28.3,87.65531062124249,28.235294117647058,23.38235294117647,8.71159009474261,3.87575963523272
003414,40.299777,25.775,21.164225134926753,2118,154,117,12.795089707271009,20.9,95.92720970537262,22.04424103737605,15.255530129672007,8.66689171029573,3.0612862977345507
003415,30.058824,27.443,65.85118702953098,6837,553,960,22.12958900102384,29.1,90.86565486228218,20.779944289693596,33.231197771587745,8.77563039266155,4.60014038641796
003416,24.257671,25.612,44.28247489471979,2771,190,278,16.8892096715987,21.8,95.06472491909385,25.80887885628292,29.721595184349137,8.75307049014239,4.209766169478138
003418,24.406073,25.039,57.572906867356544,4233,838,548,32.742735648476256,20.9,87.44333635539438,20.380434782608695,31.068840579710145,8.77414661938664,4.84711709568094
003419,24.707865,25.446,72.82909090909091,6733,1321,1067,35.46710233179861,28.6,84.9238420889027,15.761712690040335,32.826559106422586,8.89943030996714,5.329430753286007
003420,33.249894,26.257,62.65714285714286,3441,389,470,24.963673350770126,23.5,82.3030303030303,19.869125520523497,33.55145746579417,8.99787032803943,5.152806296588858
003421,20.528946,30.394,45.098653304102726,3193,256,197,14.187284685248983,26.0,90.60360920970753,28.832116788321166,28.163017031630172,8.8026389271632,4.409972785926497
003422,33.408454,26.141,64.28159261396422,5179,811,482,24.966209692990926,23.8,92.53611556982342,15.009823182711198,35.99214145383104,8.928107550931,4.88261656541482
003423,29.160046,22.827,65.32615579480684,6297,1540,666,35.03255518500873,28.5,84.38008460787503,8.217884130982368,32.43073047858942,9.02497075520263,5.585584527061348
003426,42.170809,22.557,62.53024541997926,2865,445,362,28.167539267015705,24.7,86.36363636363636,21.580547112462007,23.70820668693009,8.82488598247536,4.01056929023986
003427,30.373478,22.546,62.39974334295797,3117,528,467,31.921719602181586,23.0,90.30144167758847,22.73838630806846,26.65036674816626,8.88828145125958,4.341273168020051
003428,37.509579,20.694,57.90147152911068,1563,364,543,58.02943058221369,23.1,86.93877551020408,14.23487544483986,22.24199288256228,8.9868576007667,4.475665740531584
003429,33.621347,19.531,68.971477960242,4628,1057,769,39.45548833189282,26.3,82.96263345195729,9.34539190353144,42.9801894918174,9.09396075301205,6.0126961883887535
003430,21.049713,26.096,83.52450469238791,2877,887,199,37.747653806047964,25.2,98.79414298018949,21.150592216582066,32.40270727580372,9.25371666484118,4.882968493087767
003431,35.422639,20.758,89.76804682419251,4613,659,1296,42.38022978538912,30.6,90.18518518518519,10.17142857142857,50.228571428571435,9.24684020317634,6.054294759389359
003500,10.422526,15.435,94.7265625,3060,914,391,42.64705882352941,25.7,87.81284004352557,14.180672268907562,39.705882352941174,9.17867389813801,6.262601133866668
003607,41.984578,30.819,59.521126760563384,7082,429,305,10.364303868963571,31.7,95.40880503144655,28.510638297872344,23.73860182370821,8.71266038773275,3.2387470080818144
003609,36.700591,31.594,43.65339578454333,4261,193,364,13.072048814832199,30.0,97.77365491651206,18.8833408987744,20.245120290512936,8.7005236916758,3.4699993004957217
003610,32.038848,30.694,58.92468867365091,5011,175,385,11.17541408900419,28.3,91.30244755244755,25.624735281660314,21.00804743752647,8.74094039539978,3.7510858067180326
003612,39.230837,27.914,62.689508793208006,6521,748,616,20.91703726422328,24.2,94.8470744680851,26.112759643916917,25.783053082756346,8.86660379463308,3.6638598650674568
003613,28.955192,31.25,71.69877408056043,5710,459,419,15.376532399299474,28.0,92.30233368164403,20.89297886843899,27.23244717109748,8.8766964101862,4.379193319420703
003615,45.34691,31.601,51.01449275362319,2415,197,177,15.486542443064183,23.0,95.37979639780735,22.309505106048704,23.56637863315004,8.88245069605695,3.495946726731564
003616,44.98014,20.659,93.03536169448931,5546,798,1587,43.003966822935446,26.2,85.65380997177799,13.632204940530649,29.00274473924977,9.04851444633078,4.691523621807952
003617,41.068163,25.689,94.91002570694087,1934,321,11,17.166494312306103,28.3,87.77943368107303,7.993966817496228,37.10407239819005,9.13912231544359,5.372131976473751
003618,53.146762,40.859,43.841118714668255,6702,225,642,12.936436884512087,27.9,98.81194840461643,41.028097062579825,17.59259259259259,8.09068217086528,1.418670943369385
003619,44.899086,53.385,59.45764981586876,2987,46,7,1.7743555406762639,27.0,98.947983635301,36.20582765034098,18.908865468071916,8.18658248959474,1.993583310202006
003620,33.459655,45.647,54.04849039341263,4364,479,83,12.878093492208983,24.8,92.69521410579345,38.56707317073171,19.91869918699187,8.31357556297919,2.7264968371536855
003621,52.547075,31.331,19.120387625792024,2683,111,109,8.199776369735371,25.5,92.65770423991727,32.30046948356807,15.68075117370892,8.04017257009858,1.9139913404016715
003622,61.237474,40.699,60.08813949032382,5219,294,183,9.139681931404484,28.6,95.49683662076666,39.63323353293413,18.33832335329341,8.35194583953998,1.6455333661225908
003623,68.900308,36.038,65.66855962829116,3874,390,684,27.723283427981414,23.8,100.0,33.939774153074026,26.28607277289837,8.02934323658269,1.4587487736730775
003624,50.802722,35.142,64.56310679611651,5562,583,688,22.851492268967995,30.8,96.6002344665885,25.220729366602683,17.85028790786948,8.45700130996714,2.521716950579589
003625,43.643939,33.339,77.79668226286687,4702,232,611,17.92854104636325,22.9,97.35832978270132,27.092916283348668,19.181232750689972,8.60414095728368,2.827903010027123
003626,51.194768,42.317,54.623130912419896,3245,76,37,3.4822804314329736,28.4,97.45608721986675,25.936768149882905,18.20843091334895,8.73551372891566,2.7089430202421254
003627,41.262682,32.098,59.74514914567043,3440,364,198,16.33720930232558,27.6,92.06703910614526,35.01896333754741,17.699115044247787,8.40539419112815,2.6254129236281383
003628,57.924193,29.635,62.5937680323139,6037,395,369,12.655292363756832,28.7,97.20155862557563,24.311421226588322,24.091076019096587,8.20707348028477,2.3563050300068773
003629,37.823376,32.7,55.98506479244454,4474,601,274,19.557443004023245,29.8,97.12163416898792,24.58941605839416,19.29744525547445,8.42740316429354,2.966579741291579
003630,37.856281,40.501,56.95473251028807,6075,154,341,8.148148148148149,28.9,96.50205761316872,25.16283853273912,22.111758656153583,8.55349715553122,3.2161473638609386
003631,34.24978,32.005,58.96062148406108,3727,179,130,8.290850550040247,27.0,96.1322869955157,27.21763085399449,21.59779614325069,8.44677264238773,3.1500710448835463
003632,41.298055,32.045,48.80857823669579,2512,22,28,1.9904458598726114,32.3,98.58420268256334,25.222551928783382,28.041543026706233,8.45165636692223,3.1874651555468967
003633,35.588666,28.99,54.302158273381295,3420,329,283,17.894736842105264,32.2,98.20742637644047,21.31979695431472,32.48730964467005,8.58185534173056,3.8482314923058194
003634,32.324054,30.946,49.77511244377811,4002,256,197,11.319340329835082,35.0,97.4721941354904,20.932589964521036,22.250380131779014,8.59926650164294,3.5530728170162003
003635,27.473187,32.848,54.581964220518444,5444,145,530,12.398971344599559,29.5,96.44214162348878,28.025034770514605,26.21696801112656,8.53480407393209,3.612875608105338
003636,34.41261,47.264,32.66019417475728,2575,40,55,3.6893203883495143,27.6,94.46280991735537,31.574608408903543,20.93981863149217,8.47560171522453,3.0633241312765556
003637,40.738218,37.208,64.71204188481676,2865,200,79,9.738219895287958,26.4,99.91830065359477,25.27105921601334,34.528773978315265,8.43907291292443,3.416620185034458
003638,37.87678,35.517,68.26070188970304,2588,179,173,13.601236476043276,29.8,99.01639344262296,22.948207171314742,17.52988047808765,8.51419928477547,2.932197489285207
003639,36.56656,32.12,55.72719323812299,3424,113,249,10.572429906542057,27.0,97.51633986928104,18.56513530522341,38.70358716173694,8.58972101642935,4.234985279675966
003640,43.358769,28.686,67.70663562281723,4295,565,130,16.181606519208383,25.0,97.06601466992664,11.304780876494023,28.087649402390436,8.83182052573932,4.040581821487452
003641,42.162771,33.539,68.56469664245041,5080,380,515,17.61811023622047,22.5,98.30508474576271,33.31814038286235,21.05742935278031,8.82173125629792,2.8855468922455367
003642,49.220372,32.125,80.39938556067588,3255,404,349,23.13364055299539,22.9,97.78357235984355,25.09727626459144,35.53826199740597,9.06483490580504,3.8685287936192903
003643,23.856541,32.681,69.10634856449657,4795,349,216,11.78310740354536,29.0,96.22792937399679,23.042671614100186,20.59369202226345,8.91708772343921,4.009005659594044
003644,32.317069,29.467,79.70027247956402,4389,199,500,15.926179084073821,23.1,96.6017217942909,14.099216710182768,33.33333333333333,8.98788190361446,4.687744691732387
003700,40.789685,18.865,97.07773232028055,3355,811,699,45.007451564828614,32.0,90.85072231139647,17.04456606724003,31.039874902267396,9.20839475794086,4.695539604680568
003800,15.612087,17.971,83.97228637413396,4330,1895,886,64.22632794457274,26.4,83.78576669112252,2.7817403708987163,35.5206847360913,9.26510231325301,6.595337956692498
004000,9.265626,18.288,86.45161290322581,3255,836,998,56.344086021505376,28.5,90.0271370420624,7.476635514018691,31.041388518024032,9.2842705958379,6.141371220218947
004100,32.448203,22.348,85.19345238095238,5344,858,1086,36.377245508982035,27.9,97.94392523364486,6.027397260273973,37.48858447488585,9.19843245235488,5.29941168127396
004200,29.631667,20.519,86.90476190476191,4837,915,1266,45.08993177589415,28.1,92.03931203931204,6.388206388206388,29.38574938574939,9.14766518181818,5.242716601142654
004301,17.185897,11.573,89.96913580246914,1944,1317,395,88.06584362139918,36.6,89.90990990990991,0.0,34.5945945945946,9.15778690799562,6.225968375753869
004302,29.614368,16.805,92.89452495974236,4388,1579,724,52.48404740200547,27.8,88.91551827441582,0.0,42.94871794871795,9.20071140087623,6.2912087246537105
004401,0.0,22.074,94.18642416368951,3079,562,967,49.65898018837285,26.5,88.87000849617672,1.8318068276436303,39.883430474604495,9.1558841905805,6.978000466130047
004402,20.747672,20.568,95.86126493733606,3431,919,422,39.084814922763044,29.6,88.65345181134656,6.936026936026936,36.16161616161616,9.18130734884994,6.006048200068538
004500,18.399122,20.731,91.69453734671126,5382,940,176,20.735785953177256,25.4,89.22317018410418,4.811898512685914,31.18985126859143,9.10792415498357,5.831805093144296
004601,31.819181,14.822,85.77449947312961,3897,1634,516,55.17064408519374,29.5,88.55305466237941,5.354919053549191,32.44084682440847,9.02381977929901,5.40667056115475
004602,44.848531,17.632,87.37129012719565,3044,847,1197,67.1484888304862,30.3,93.47408829174664,2.1505376344086025,47.491039426523294,8.9833963762322,5.526981605587823
004703,32.620583,21.988,85.95276872964169,4894,1314,663,40.39640375970576,26.7,89.77927063339732,13.016917293233082,28.99436090225564,8.62918669824754,4.524854073446836
004707,54.149553,18.816,83.2986832986833,2861,1162,388,54.17686123732961,33.4,82.58620689655173,9.666381522668948,30.881094952951237,9.0317205,4.772658896175666
004709,34.364576,20.664,87.05321683876092,6250,2051,1275,53.215999999999994,27.8,88.74172185430463,5.209302325581396,28.13953488372093,9.00517192004381,5.107746362012908
004710,33.437905,20.48,80.37079199869898,6122,2047,732,45.393662201894806,32.5,87.59619737437755,8.863356585966352,30.69347558473533,9.22846144304491,5.38379116959586
004712,39.535614,22.215,63.09623430962343,7147,1752,1585,46.69091926682524,31.2,81.9706498951782,20.048899755501225,29.758994062172544,8.79279600164294,4.614022891226915
004713,41.338039,18.353,80.73982227733003,4813,1413,1190,54.08269270725119,32.2,85.52292632663575,5.1609606540623405,32.345426673479814,8.96077488992333,5.20045186059576
004714,29.11435,23.903,78.6986079637423,6129,1111,1195,37.624408549518684,26.5,92.03470031545741,7.537114579368101,33.57441948991245,8.90621992168675,5.186955513104293
004715,27.744823,21.966,81.50915203586105,5340,1248,747,37.359550561797754,26.6,87.95765328628143,10.133104336625161,30.098754830399315,8.71385964950712,4.99784182979933
004716,28.355284,29.728,84.59005597629239,3037,365,211,18.966084952255517,28.5,91.4020139426801,10.476190476190476,28.13186813186813,8.79885178094195,4.79102218213322
004717,49.364928,22.474,78.09749492213948,2954,668,697,46.208530805687204,27.9,98.8538681948424,15.061295971978982,30.035026269702275,8.9905424720701,3.865459585980889
004907,47.341073,32.16,54.84778715784088,3909,166,136,7.725761064210795,28.0,96.46581691772886,38.008800880088,17.876787678767876,9.04435217743702,2.7037464364551393
004910,33.192096,26.007,69.70166602092213,2568,336,217,21.534267912772588,26.0,94.16224412433661,8.358433734939759,43.674698795180724,9.17248566648412,5.628355420573396
004911,35.883868,26.458,66.39732516021176,3589,425,690,31.067149623850653,23.4,92.38045191802418,19.39677587103484,37.805512220488815,9.17198512048193,4.956291918001079
004912,44.281058,28.28,70.79338842975207,6020,715,549,20.996677740863788,25.9,92.55663430420712,12.65377855887522,27.275922671353253,9.2056595618839,4.482307694219846
004914,41.137548,28.848,61.95514176893779,2341,95,291,16.488680051260147,26.9,92.37668161434978,22.36727589208007,32.724107919930375,9.09917238389923,4.3892598287174245
004915,44.235003,20.792,54.632587859424916,3722,828,280,29.768941429339062,24.9,89.08668730650155,15.891741845940318,32.13046495489243,9.06391263088718,4.623351552348117
004916,47.038933,27.138,62.95603367633302,2124,623,257,41.431261770244824,45.2,97.02734839476813,16.129032258064516,22.465437788018434,8.95557122782037,3.631199073756868
004917,46.08047,36.474,49.260925449871465,3112,38,77,3.6953727506426732,25.8,97.48096074985354,21.177802944507363,20.61155152887882,8.92834279956188,3.32374822388629
004918,51.865547,33.051,48.92406628741034,4043,355,416,19.069997526589166,27.6,95.58599695585997,30.229226361031518,25.644699140401144,8.95942700219058,3.1626515659309233
004919,62.806075,31.699,65.50989993612944,4697,20,360,8.090270385352353,25.4,97.65281173594133,25.4721326577614,37.033625057577154,8.98927864895947,3.4354653430860242
004920,32.009212,23.415,75.67465559539535,5299,1295,547,34.761275712398565,32.0,96.5711361310133,12.845757149554618,40.50632911392405,9.13073102738226,5.211780818868185
004921,26.892614,26.444,72.52160251374706,6295,1082,842,30.56393963463066,27.2,90.92585761711545,17.084048027444254,23.876500857632934,9.1658706007667,4.757662553471759
004923,43.384529,28.497,66.43625192012288,3906,344,368,18.22836661546339,26.2,93.6086529006883,26.891956211327937,27.65349833412661,9.09137841840088,3.855850710154034
004924,35.11925,28.543,66.82263814616756,4459,321,572,20.026911863646557,26.6,90.76449461262186,13.454011741682976,38.111545988258314,9.21856521303395,5.334075828909673
004925,33.854204,29.13,75.18310338954181,5857,210,388,10.210005122076147,26.7,98.26756496631376,20.553846153846152,33.5076923076923,9.1375893871851,4.472977995364066
004926,40.580758,30.767,67.07377866400797,4012,80,236,7.876370887337986,30.8,89.9292324442025,19.7212183789365,34.43469282395457,9.12473391237678,4.726112285918093
005005,20.74166,19.604,34.84810444388652,3983,935,756,42.455435601305545,24.1,96.13138686131387,9.635974304068522,24.12562455389008,9.24407958269441,5.051893164654682
005006,28.236464,25.62,37.13837183224938,4401,538,511,23.835491933651443,27.9,90.12833168805528,13.523809523809524,33.904761904761905,9.26940422508215,5.4349553225657905
005007,56.868463,33.685,46.70743179680151,2126,261,96,16.792097836312323,25.1,98.2094897045658,29.310344827586203,26.225045372050815,9.21960100054764,3.172729494490199
005010,41.874284,24.327,57.061278278058424,4553,785,912,37.27212826707665,28.6,92.66098484848484,17.20779220779221,35.064935064935064,9.12443962048193,4.6717878018869685
005011,31.525637,23.898,74.88921713441654,3371,414,648,31.504004746366064,22.9,93.78843788437884,15.975609756097562,40.487804878048784,9.16820521577218,5.268858432600371
005012,36.297027,31.711,53.771447070249266,3080,332,145,15.487012987012989,21.7,94.6376811594203,27.110157367668098,27.682403433476395,9.08292471851041,4.010263443600146
005013,52.154729,29.212,72.4934036939314,3000,237,132,12.3,25.6,92.07650273224044,19.10487641950568,30.72812291249165,9.115616,4.097597774872412
005014,33.568045,22.537,59.430604982206404,3934,746,272,25.876970005083884,27.4,87.5,13.814317673378076,38.59060402684564,9.26015363143483,5.586794191568367
005015,48.885255,30.038,60.686528497409334,3088,156,378,17.292746113989637,28.5,91.78176795580112,26.53333333333333,28.999999999999996,9.13592579901424,3.88763888565314
005016,56.496087,28.35,56.46144147930238,4759,184,458,13.490229039714224,27.7,90.004502476362,14.201183431952662,35.629754860524095,8.89966455421687,4.268005124793252
005017,30.06346,25.396,70.4127893104271,4191,298,742,24.81507993319017,25.9,91.09677419354838,13.5089209855565,35.17417162276975,8.95195177710843,5.098463421844935
005101,41.659444,28.009,37.934297688251995,7392,786,482,17.153679653679653,20.1,94.16159380188157,36.58410732714138,23.864809081527348,9.23951041730558,3.485872826020116
005102,30.316887,39.506,33.6996336996337,5117,414,166,11.334766464725424,19.7,95.25650035137035,34.491059147180195,25.240715268225582,9.17870144194962,3.8739623844102367
005103,30.18325,30.562,39.42987931751977,4806,685,225,18.934665002080735,24.3,90.4277848369335,32.53012048192771,12.369477911646587,9.15481788444688,3.578022119897196
005104,20.113949,37.169,24.73315035071668,3268,140,302,13.525091799265606,22.4,93.86606640405178,33.88067870826492,19.759168035030104,9.09685797864184,3.963313080875354
005105,41.174987,30.232,45.33036377134373,6661,472,437,13.646599609668217,23.2,96.15384615384616,21.13169754631948,27.44116174261392,8.78213487568456,3.7188153221109537
005106,33.211797,37.668,39.0452876376989,3268,245,295,16.523867809057528,21.6,98.55334538878843,37.0654095462581,13.78903948143783,9.08220300219058,2.9238661963993375
005107,24.662705,31.496,34.45491251682369,4458,299,136,9.757738896366083,25.7,93.48549690917737,28.26086956521739,25.9094942324756,9.0180244720701,4.255179500843337
005108,29.883147,41.329,29.34604009201446,3043,256,174,14.130791981597108,21.8,96.33977900552486,38.107752956636006,14.651773981603153,8.97326455147864,3.03739680690782
005109,39.19506,32.202,31.410825199645075,6734,753,234,14.656964656964657,20.0,93.79014989293361,26.41217436161981,26.876450864070158,8.75759327053669,3.650476523903481
005200,22.57465,20.431,24.803149606299215,3034,543,411,31.443638760711934,19.3,85.47717842323651,17.17888100866824,29.393223010244284,8.3719819211391,4.6716831954006794
005311,14.358808,32.362,31.44726712856043,2598,161,136,11.431870669745958,20.1,93.6046511627907,31.28919860627178,22.64808362369338,9.1729797185104,4.449582095937974
005312,20.861888,34.654,26.432789162903784,2879,111,74,6.425842306356373,19.9,96.90444145356662,34.393251135626215,20.765736534717718,9.11783097918948,3.837528168914932
005313,30.582062,34.399,33.73844573776104,5842,481,112,10.15063334474495,22.9,97.38330975954739,37.744107744107744,20.16835016835017,9.09213066155531,3.3393512003722656
005314,35.391953,40.313,17.78640776699029,2575,70,121,7.41747572815534,19.4,99.37353171495693,45.56040756914119,24.163027656477436,9.03441491730559,2.9335030461453497
005315,32.102744,36.495,29.749030810038768,4868,203,122,6.676253081347576,24.1,99.72255251684503,40.74349442379182,17.100371747211895,8.90177592278204,2.758860355988837
005316,21.512784,36.424,32.6140705776579,4449,18,246,5.9339177343223195,22.3,93.30543933054393,28.655660377358487,25.982704402515722,9.10371331653888,4.425891593193169
005317,31.780216,30.093,24.07685881370092,5477,487,297,14.314405696549207,21.7,95.989792198323,43.27545114061968,19.611848825331972,9.04327692332968,3.095914727274606
005318,38.245754,39.278,26.808766136295407,3331,263,144,12.218552987090964,21.0,98.4875983061101,53.48066298342542,5.303867403314917,8.9557795788609,1.668887323630777
005319,29.080736,35.614,27.03846153846154,2600,37,104,5.4230769230769225,26.3,100.0,29.415627051871308,21.733420879842416,8.93976102738226,3.5011864991835564
005320,10.59596,40.854,23.157500935278712,2673,87,126,7.968574635241302,20.5,96.76354029062088,34.29106808244847,20.986883198001248,9.0449165279299,4.1160148112132
005321,25.406583,31.966,30.00268600590921,3696,90,239,8.901515151515152,19.1,98.85308574549427,36.23877443211833,20.021130480718437,8.9004219101862,3.3013409960987468
005322,25.876281,30.083,23.646960865945047,1201,52,0,4.329725228975854,18.2,95.33678756476684,27.750611246943762,20.293398533007334,8.8037136686747,3.687212634462861
005333,24.799891,42.889,3.654908627284318,2353,67,31,4.16489587760306,20.2,97.5588491717524,40.61240934730056,20.54794520547945,8.77470984556407,3.1343781582819545
005335,24.04007,34.036,18.13428153106045,4781,277,470,15.62434637105208,20.8,95.84103512014788,30.564784053156146,19.14451827242525,8.26550399014239,3.0800693856096593
005336,29.116229,26.836,23.09498956158664,3832,447,254,18.293319415448853,23.3,93.85504201680672,19.288292934502323,26.30221763795771,8.10812703997809,3.611575501950849
005337,31.514986,48.162,14.4877543980683,2869,164,82,8.574416172882538,21.1,99.0077958894401,39.55757970071568,22.641509433962266,8.72469563307777,2.9427516501827964
005338,38.334383,28.761,13.053196244970945,2237,92,40,5.900759946356728,22.5,98.22866344605475,33.33333333333333,16.246498599439775,8.66676061555312,2.649208316534887
005341,32.293792,31.821,18.404907975460123,1948,8,11,0.9753593429158112,23.1,97.56722151088348,24.786324786324787,19.413919413919416,8.08861773493976,2.801746269522371
005342,35.736917,30.521,19.49685534591195,2835,27,174,7.089947089947089,26.6,96.77192982456141,24.915824915824917,16.296296296296298,8.01185289539978,2.5189368881966683
005343,42.637448,29.668,32.254078101828966,4037,266,442,17.537775575922716,24.7,97.6770538243626,25.77826324412889,23.702894593118515,7.95346414731654,2.5089374220049634
005346,36.84912,43.1,31.759890859481583,3665,85,264,9.522510231923603,20.9,97.80594831789371,39.28901200369344,22.62234533702678,8.60419826067908,2.7313606330757945
005347,49.633982,40.027,37.67313019390582,4693,297,125,8.992115917323673,21.1,94.77543538038496,46.288906624102154,23.703112529928173,8.28129853723987,1.9749554290029245
005348,44.623741,48.75,26.41907575437856,4739,376,86,9.748892171344165,23.3,95.98272138228941,46.78338762214984,11.237785016286644,8.417607101862,1.615499151231114
005349,24.824603,37.831,41.402774142894536,3821,263,26,7.563465061502224,21.6,93.94650398873769,38.78443375601224,19.80760822037604,8.7529119600219,3.3212403116856013
005350,24.317824,50.491,24.491941135248773,2854,267,104,12.999299229152067,19.6,95.52238805970148,54.473304473304474,13.924963924963926,8.74014706736035,2.4089027161740195
005351,30.499341,34.187,25.135837467517124,4212,236,283,12.321937321937321,21.5,98.67414584395716,40.48076923076923,22.115384615384613,8.638478050931,2.8552842152511095
005352,29.43662,43.026,32.71759549154665,3194,399,81,15.028177833437695,18.3,100.0,46.06060606060606,11.93939393939394,8.67898624698795,2.1915783279826657
005353,29.338564,35.764,35.073951101720496,3313,86,292,11.409598551162087,23.1,92.83333333333333,31.989389920424404,28.222811671087534,8.65464676177437,3.775460480602794
005354,37.311035,36.121,40.1386404293381,4472,103,491,13.282647584973168,20.8,96.74134419551935,35.78125,14.8828125,8.53991943866375,2.484187656066963
005355,46.022349,30.759,30.58684054534677,5061,157,911,21.10254890337878,21.0,95.36105032822758,35.72327044025157,32.66247379454927,8.53440677601314,3.083321976617037
005356,53.920278,42.335,25.19929140832595,2258,88,71,7.041629760850309,22.5,95.16129032258065,33.54943273905997,14.343598055105348,8.59898010350493,2.1487942146355348
005357,55.251157,41.708,26.359447004608295,5425,475,197,12.387096774193548,26.2,94.86151603498543,32.04545454545455,18.376623376623378,8.451570050931,2.230113547475085
005358,49.709588,51.273,30.111940298507463,2672,278,0,10.404191616766468,25.0,97.9502196193265,44.94459833795014,23.822714681440445,8.01009692661555,1.632984578378152
005359,49.470653,41.302,25.717703349282296,6649,206,233,6.602496616032486,23.2,97.73022049286641,42.37918215613383,21.84014869888476,7.99716524972618,1.6401519577708958
005360,49.820739,40.836,15.32967032967033,3640,236,0,6.4835164835164845,23.1,97.52761704366122,34.17190775681342,27.463312368972748,7.7834875618839,1.9993189785325913
005421,45.376495,25.357,37.91876667654906,3373,729,472,35.60628520604803,24.6,89.009009009009,17.012089810017272,27.11571675302245,8.36092335596933,3.6824905831825605
005422,29.334081,25.585,37.918552036199095,4420,848,561,31.87782805429864,27.0,97.12389380530973,13.468179575727676,27.77503700049334,8.31672831818182,3.9209939019497173
005423,26.67215,23.929,35.4126679462572,4168,842,404,29.89443378119002,28.1,88.19320214669052,18.20809248554913,23.930635838150287,8.19464431161008,3.9753497473922046
005432,35.175023,36.334,26.876090750436298,5107,112,127,4.679851184648522,26.6,96.48278415401703,30.256410256410255,19.67032967032967,7.99390374589266,2.493631353082061
005433,31.853471,35.079,25.304941079181308,4796,266,156,8.798999165971642,26.4,94.8467347845402,19.562363238512035,26.520787746170676,7.84854064731654,3.2455351204128515
005434,57.321092,33.933,29.095118657148372,5183,291,104,7.62106887902759,24.8,99.42880456956344,26.92461108895094,30.75388911049063,8.00679531708653,2.290506410837476
005435,51.810647,41.551,22.59855635757912,3598,265,81,9.616453585325182,25.3,97.6470588235294,35.91939546599497,17.279596977329977,7.71889174863089,1.3471494389651566
005436,59.306234,34.165,43.73342761180838,5650,869,224,19.345132743362832,24.9,93.3240611961057,30.975274725274726,26.682692307692307,8.57264531653888,2.7019108114611585
005437,70.00032,43.255,16.477272727272727,2601,43,132,6.728181468665897,21.5,91.95767195767196,46.74397859054415,12.39964317573595,8.13207730558598,0.8013224998045683
005438,34.275665,24.404,54.18280402788535,2582,765,213,37.877614252517425,20.4,90.83557951482479,20.034100596760442,41.091219096334186,8.47121349342826,4.566985545729565
005439,15.064113,25.094,42.3837784371909,4024,578,508,26.988071570576537,26.5,89.93788819875776,20.15098722415796,30.081300813008134,8.70272181599124,4.9270912652805405
005501,54.706536,24.583,2.2977725674091443,4237,274,283,13.146093934387537,20.4,93.62962962962963,22.25113858165257,18.217306441119064,7.15533639485214,1.4702682539965797
005502,58.617702,36.391,13.828786453433677,4252,260,30,6.820319849482597,30.8,97.41379310344827,42.54032258064516,22.631048387096776,6.81640738992333,0.33301374492475055
005503,15.343883,24.707,12.561231630510846,2838,321,212,18.780831571529248,26.3,87.99380325329203,30.36231884057971,16.81159420289855,7.03635757174151,2.520334992953319
005504,38.851424,26.897,13.939857288481141,3698,320,174,13.358572201189833,20.0,98.38926174496643,26.9281045751634,16.405228758169933,6.99080016155531,1.3391679387077882
005712,62.272226,42.06,31.526415419032865,5811,159,514,11.58148339356393,26.5,97.75008653513326,38.374233128834355,21.472392638036812,7.77192835104053,1.1639249263507896
005713,55.343388,31.019,27.197931358721206,4254,153,76,5.38316878232252,29.6,97.39999999999999,36.016949152542374,30.555555555555557,7.80141863362541,1.9291938216327984
005714,50.384887,36.779,12.711998731970201,6293,242,101,5.450500556173527,31.4,90.48611111111111,47.12514092446449,10.597519729425029,8.03520382475356,1.317645802523173
005715,53.581218,66.726,23.814253786938167,4027,180,46,5.612118202135584,25.6,97.63215859030836,65.62344759066072,4.669647292598112,8.15604255750274,0.034470020746907526
005716,52.161168,35.114,22.762844504933653,2939,124,69,6.566859476012249,26.7,100.0,40.83191850594228,10.950764006791172,7.95237435651698,0.9701622887192354
005803,17.940321,36.992,36.12385321100918,4360,172,141,7.178899082568807,23.5,95.7018747142204,45.7105719237435,23.91681109185442,8.35624775027382,3.0310807341585724
005804,26.448748,29.293,37.24123362906633,4734,221,577,16.856780735107733,22.5,93.4941835415769,33.346518987341774,19.185126582278482,8.44078218346112,3.178557529495671
005805,29.08174,37.031,31.116849580374435,3098,273,222,15.978050355067786,26.0,91.31714495952906,42.78846153846153,15.10989010989011,8.54791786856517,2.7721782432902953
005806,34.668847,36.269,38.79468377635197,4364,480,210,15.811182401466544,26.2,98.91815616180621,39.577836411609496,15.127528583992964,8.37789947371303,2.195350292216099
005807,31.02932,31.188,26.834862385321102,3917,196,521,18.304825121266273,24.4,92.42728184553661,27.67648433847592,25.15194015895278,8.4489238871851,3.5731547737327527
005808,21.437587,24.032,28.247022985322623,3611,75,671,20.65909720299086,26.4,93.05816135084429,34.719049794426674,25.35404294198264,8.51795373986856,3.6633050399966125
005809,24.396329,26.853,48.48042791150012,4065,784,330,27.404674046740467,25.1,92.10805084745762,30.401529636711285,27.772466539196937,8.59303690525739,3.949562753686789
005811,33.48107,35.714,35.421521590130226,7295,207,411,8.471555860178203,24.9,97.5458537845518,30.04784688995215,27.751196172248804,8.38837025520263,3.2284484684314365
005813,31.362045,27.14,49.01552003706278,4317,345,371,16.585591846189484,22.6,88.74878758486906,19.385026737967912,28.25311942959002,8.5169969041621,4.241574877819886
005822,40.243787,50.258,38.69691923397169,4804,559,347,18.859283930058286,24.4,95.27518172377985,52.21366698748797,11.308950914340713,7.90070481653888,1.1245643172857416
005824,41.946553,51.433,32.57958940791431,3361,514,49,16.75096697411485,21.4,98.25662482566248,52.52918287937744,11.089494163424124,7.86505386473165,0.8706565803098845
005825,20.360152,31.394,44.32826987571513,5069,302,464,15.111461826790293,20.3,94.7631882941856,21.997796547925084,27.506426735218508,8.54306598740416,4.192078075127014
005826,32.04399,31.462,55.00592417061612,3376,410,108,15.343601895734595,20.1,97.70792403405369,22.45891661594644,24.650030432136337,8.52852233899233,3.522446577648058
005829,34.146829,44.881,51.46741476046613,4634,172,113,6.150194216659473,28.1,98.44632768361582,34.671657026199384,31.915617556992178,7.98041628258488,2.8188744872682983
005830,38.886335,41.835,64.56692913385827,2667,82,0,3.07461567304087,24.8,94.0014114326041,30.932784636488343,19.89026063100137,8.08956278477546,2.565759248463605
005831,53.29329,41.855,58.67276887871854,2149,49,156,9.539320614239182,22.2,100.0,29.354553492484527,32.53757736516357,8.22042916812705,2.5740459919747924
005832,49.687449,41.653,50.319051959890615,1097,9,0,0.8204193254329991,23.4,100.0,19.970631424375917,36.41703377386197,7.99660079189485,3.0038353609447146
005833,61.754846,34.762,43.37556366759717,4617,383,103,10.526315789473683,25.6,99.3036750483559,31.006864988558352,27.45995423340961,8.3816856905805,2.199864566230209
005834,68.046886,35.861,61.27167630057804,3243,222,568,24.360160345359237,23.3,92.02496532593621,30.666666666666664,28.666666666666668,8.70496797809419,2.7087054003980002
005835,35.803016,43.312,46.32393587617468,3618,74,286,9.950248756218906,22.0,100.0,31.765389082462253,35.249709639953544,8.25909778203724,3.1959994889846888
005836,44.832286,42.233,35.34068419564603,3214,136,188,10.080896079651524,35.7,93.16012725344645,24.759871931696907,38.7940234791889,8.20584862157722,3.623316868866341
005837,46.991534,50.43,50.16049022468631,3427,201,45,7.178290049606069,22.6,96.46251319957761,39.980497318381275,27.791321306679666,8.32552240525739,2.4351990274030415
005838,45.928425,40.331,42.61186264308012,5736,252,385,11.105299860529987,22.1,99.38249182709771,32.93913043478261,24.417391304347827,8.28837611719606,2.396910170889531
005839,61.465634,45.86,42.72327964860907,3415,134,204,9.897510980966324,22.3,96.62797125483694,45.66115702479338,17.5103305785124,7.77158997152245,0.7921434552764457
005840,60.861357,37.201,50.292708887706226,7434,431,366,10.721011568469194,24.0,98.17567567567568,28.74264545652648,39.48572673785139,7.54958196166484,2.154193958458306
005841,49.968607,57.075,17.283163265306122,3136,53,38,2.9017857142857144,22.2,94.54664914586071,54.156479217603916,6.723716381418093,7.98236831215772,0.6449960547381322
005842,51.479862,51.75,20.591581342434583,1758,51,47,5.5745164960182025,22.6,100.0,48.38709677419355,18.035190615835777,7.93167976122673,1.0159189981381744
005843,34.897744,33.939,31.367521367521366,2340,205,45,10.683760683760683,21.9,100.0,36.84573002754821,25.826446280991732,8.15862044633078,2.5188414925317337
005844,37.198231,49.013,28.499594484995942,6165,339,105,7.201946472019465,24.0,97.36842105263158,48.382881411303494,13.721006207121855,8.22587878313253,1.6646498671483712
005845,32.377353,51.509,23.25581395348837,4128,118,47,3.997093023255814,22.2,98.5968699406368,44.285714285714285,15.19047619047619,8.29275903231106,2.0324056411432836
005846,36.564143,34.415,26.24316584222859,3833,306,78,10.01826245760501,25.3,96.7741935483871,47.51275510204081,10.841836734693878,8.1670925060241,1.5616587089185776
005847,48.901319,34.381,60.93666844065992,1879,85,332,22.19265566790846,20.9,100.0,20.04811547714515,34.48275862068966,8.32261690635268,3.2310105876411725
005848,29.745771,35.585,48.57142857142857,3500,260,99,10.257142857142858,22.8,94.37274135260712,29.003470500743678,32.325235498264746,8.3952216177437,3.748310025752554
005849,29.75043,30.318,59.424724602203185,3252,187,0,5.750307503075031,23.7,97.44094488188976,23.948811700182816,47.10542352224253,8.47217607009858,4.529630534088478
005850,37.492538,31.351,47.88009721847151,3703,425,244,18.066432622198217,22.8,96.9223007063572,21.751546882436934,30.842455973346027,8.198591533954,3.399611169782686
005851,41.810533,36.861,45.28819762122598,5365,546,13,10.419384902143523,22.0,95.54627696590117,28.64617396991498,42.282537606278616,8.41021559912377,3.7913303293379896
005852,47.803021,40.263,46.02725636410388,3882,281,42,8.320453374549201,25.3,97.78526721232546,32.605729877216916,34.19736243747158,8.06492656736035,2.6728273725617573
005853,30.891948,31.881,37.51451800232288,6856,964,715,24.489498249708287,22.1,96.57534246575342,20.903540903540904,37.65567765567766,8.11860530175246,3.892021245423385
005854,49.286192,37.138,44.589433481858684,6284,664,260,14.704010184595798,21.8,97.55023396641894,35.2428722280887,21.06652587117212,8.24686249835706,2.104261691579645
005855,37.733867,42.021,46.119911770603565,4987,388,126,10.306797673952275,24.2,97.24086502609993,41.66077738515901,18.833922261484098,8.17833599726177,2.0884541355629
005856,39.788888,42.183,40.610142630744846,2524,246,60,12.123613312202853,29.0,97.3747016706444,34.480234260614935,18.960468521229867,8.14491686308872,2.259608567602397
006001,51.103209,27.286,54.127435953580026,4567,514,756,27.808189183271292,22.5,84.05797101449275,12.967289719626168,33.64485981308411,8.4504729101862,4.262758899120792
006103,49.093145,31.125,53.91956373551465,2934,234,396,21.472392638036812,26.9,96.28506444275968,34.5679012345679,19.753086419753085,8.73040269769989,2.581210359954022
006201,45.353951,21.667,52.841065056272306,3629,813,370,32.59851198677322,30.7,91.86440677966101,19.171974522292995,24.331210191082803,8.90920956078861,3.8465641238617776
006202,40.317598,27.452,45.12937595129376,3942,166,250,10.553018772196854,27.8,96.875,21.10675808031342,27.668952007835458,8.7586012026287,3.7066462112082355
006203,35.910169,24.982,49.10394265232975,3069,339,507,27.56598240469208,27.2,97.14081486776269,14.085545722713864,30.53097345132743,8.73179408598028,4.193586956760971
006204,69.748223,31.059,72.30405528277869,5499,417,765,21.49481723949809,28.1,98.4026902059689,13.833333333333334,39.75,8.53724871084337,3.3203350383583645
006700,43.134652,31.196,58.522311631309435,1367,260,92,25.749817117776153,13.2,70.49723756906077,24.2749731471536,53.92051557465092,9.45991145016429,6.582443178877739
006800,37.611539,24.908,57.85207700101317,3948,415,714,28.596757852076998,22.1,86.31442182763101,9.88109881098811,41.615416154161544,9.3569324211391,5.8787724534064285
006900,43.077835,37.815,14.487179487179489,1560,106,142,15.897435897435896,16.8,95.64643799472296,46.44670050761421,8.375634517766498,9.36891248192771,2.4191169626418505
007100,50.608126,19.074,70.48701298701299,3064,651,735,45.234986945169716,26.7,93.69786839666358,3.2311516155758078,30.737365368682685,9.00411042552026,4.54655796773415
007200,63.059967,29.917,57.891949152542374,3748,465,252,19.130202774813235,30.0,93.03303303303304,17.989417989417987,26.337448559670783,8.51777350164294,3.0104481480326424
